{"Training Loss": 1.6650575399398804, "_timestamp": 1693415113.281926, "_runtime": 58.647090911865234, "_step": 779, "_wandb": {"runtime": 57}}